brand	Format	Farbe	Verpackungseinheit	Papierstaerke	price	prediction
Elco	DIN A4 (210 x 297 mm)	blau	100	80	4.28625	4.507195472717285
Igepa	DIN A4 (210 x 297 mm)	weiss	500	80	4.5262465	5.051706314086914
Clairefontaine	DIN A4 (210 x 297 mm)	hellgelb	500	80	8.64	6.6976189613342285
Clairefontaine	DIN A3 (297 x 420 mm)	weiss	500	90	11.956123	11.642555236816406
TOP-Preis	DIN A4 (210 x 297 mm)	eisblau	250	120	5.1280007	5.4569878578186035
Clairefontaine	DIN A4 (210 x 297 mm)	gelb	1000	160	39.083465999999994	12.547565460205078
Staples	DIN A4 (210 x 297 mm)	weiss	25	190	5.9679985	17.206636428833008
Clairefontaine	DIN A3 (297 x 420 mm)	unknown	500	80	11.608347	8.257000923156738
HP	DIN A4 (210 x 297 mm)	weiss	500	80	3.2152216	43.573970794677734
Papier Union	unknown	braun	100	320	12.883252	63.29641342163086
Papyrus	DIN A4 (210 x 297 mm)	blau	250	160	7.705114999999999	22.35411834716797
Arjowiggins	unknown	beige	100	90	9.437750999999999	4.489328384399414
Papyrus	DIN A4 (210 x 297 mm)	weiss	500	90	6.0334086	9.158783912658691
Image	DIN A4 (210 x 297 mm)	weiss	125	280	8.985833	10.257048606872559
Staples	DIN A4 (210 x 297 mm)	orange	500	80	9.214317999999999	5.96650505065918
Rainbow	DIN A4 (210 x 297 mm)	weiss	250	120	5.7271410000000005	5.164585113525391
Clairefontaine	DIN A4 (210 x 297 mm)	gruen	100	80	4.5168114	5.001531600952148
Staples	DIN A4 (210 x 297 mm)	gold	500	80	4.772536	24.807132720947266
Papyrus	DIN A4 (210 x 297 mm)	weiss	500	80	4.7745404	7.372062683105469
Xerox	DIN A3 (297 x 420 mm)	weiss	250	160	10.981060000000001	14.826555252075195
Papier Union	unknown	californiablau	100	120	3.3719997000000004	11.021332740783691
Staufen	DIN A4 (210 x 297 mm)	weiss	100	80	1.8043901000000002	1.5349156856536865
Unbekannt	DIN A3 (297 x 420 mm)	weiss	500	80	10.361153999999999	9.914345741271973
Papyrus	DIN A3 (297 x 420 mm)	weiss	50000	80	479.42822	437.02362060546875
Clairefontaine	DIN A3 (297 x 420 mm)	gruen	500	80	8.849999	10.893333435058594
Clairefontaine	DIN A4 (210 x 297 mm)	rosa	500	80	5.519637599999999	9.948391914367676
Mondi	DIN A4 (210 x 297 mm)	unknown	500	70	3.1173333999999997	6.446305751800537
Clairefontaine	DIN SRA3 (320 x 450 mm)	weiss	250	120	8.994665	16.43988800048828
Sigel	DIN A4 (210 x 297 mm)	weiss	50	200	14.040498000000001	15.214262008666992
Xerox	unknown	weiss	500	80	2.7171084999999997	10.97253131866455
Inacopia	DIN A4 (210 x 297 mm)	hochweiss	2500	80	18.494417000000002	8.924251556396484
Clairefontaine	DIN A3 (297 x 420 mm)	hellgelb	500	80	11.631751	17.542936325073242
Steinbeis Papier	DIN A4 (210 x 297 mm)	gruen	500	80	6.1127706	5.61245059967041
Mondi	DIN A4 (210 x 297 mm)	weiss	250	160	10.297914500000001	10.185446739196777
Mondi	DIN A4 (210 x 297 mm)	weiss	2500	90	29.424167999999998	13.561850547790527
Clairefontaine	unknown	unknown	unknown	unknown	0.25777778	13.064088821411133
Unbekannt	DIN A4 (210 x 297 mm)	weiss	500	80	4.49	10.270248413085938
Xerox	unknown	weiss	500	100	18.25095	16.60230827331543
Papier Union	unknown	unknown	unknown	unknown	36.02235	47.19144058227539
Clairefontaine	DIN A4 (210 x 297 mm)	weiss	125	250	4.472569999999999	6.068087577819824
Unbekannt	DIN A4 (210 x 297 mm)	gelb	250	160	8.616667999999999	9.94713306427002
Papyrus	DIN A4 (210 x 297 mm)	weiss	250	120	4.69525	7.258519172668457
Optibelt	DIN A4 (210 x 297 mm)	weiss	20	100	3.2333403	1.8534544706344604
Inapa	DIN A4 (210 x 297 mm)	weiss	500	80	4.0316663	3.3012516498565674
Clairefontaine	DIN A3 (297 x 420 mm)	himbeerrot	500	80	9.5125	17.864980697631836
Igepa	DIN A1 (594 x 841 mm)	creme	500	80	130.07431	139.10446166992188
Xerox	DIN A3 (297 x 420 mm)	weiss	250	250	29.642502	31.258546829223633
Papyrus	DIN A4 (210 x 297 mm)	violett	250	120	5.593443	7.425832748413086
Sigel	DIN A4 (210 x 297 mm)	unknown	50	190	28.890352000000004	28.848419189453125
Arjowiggins	unknown	goldgelb	100	120	5.8222510000000005	12.898290634155273
Igepa	DIN A4 (210 x 297 mm)	gelb	250	120	5.691	12.68017578125
Unbekannt	DIN A3 (297 x 420 mm)	creme	500	80	17.225416	18.928945541381836
Arjowiggins	unknown	weiss	100	90	4.1024995	3.5761423110961914
Image	DIN A4 (210 x 297 mm)	weiss	250	160	12.428466	8.38882827758789
Papier Union	unknown	californiablau	100	240	6.6054993	28.676422119140625
Mondi	DIN A3 (297 x 420 mm)	weiss	500	80	9.114836	10.035004615783691
Xerox	DIN A4 (210 x 297 mm)	weiss	500	90	31.006845000000002	8.13149356842041
HP	unknown	weiss	unknown	125	82.4865	87.49555206298828
Xerox	unknown	unknown	unknown	unknown	8.715263	54.99703598022461
Clairefontaine	DIN A3 (297 x 420 mm)	weiss	500	80	9.326667	11.587636947631836
RecyStar	DIN A4 (210 x 297 mm)	gelb	250	160	7.9045	8.178077697753906
Staples	DIN A4 (210 x 297 mm)	gelb	250	120	4.347388	4.529651165008545
Papier Union	unknown	unknown	100	320	108.16481999999999	40.86513900756836
Metsae	DIN A4 (210 x 297 mm)	weiss	500	80	21.792099	14.773415565490723
Clairefontaine	DIN A4 (210 x 297 mm)	himmelblau	500	80	4.795416400000001	6.045795440673828
Igepa	DIN A3 (297 x 420 mm)	hellgruen	250	120	27.637209999999996	35.959163665771484
Papyrus	DIN A4 (210 x 297 mm)	chamois	250	120	5.0306582	18.341812133789062
Papier Union	unknown	zitronengelb	100	240	6.6144996	53.971256256103516
Clairefontaine	DIN A3 (297 x 420 mm)	rosa	500	80	9.240001	19.133319854736328
Clairefontaine	DIN A4 (210 x 297 mm)	mandarine	2500	80	19.375263	28.335479736328125
Lyreco	DIN A4 (210 x 297 mm)	blau	250	160	8.255001	7.456009864807129
Papier Union	unknown	weiss	100	120	3.1315002	6.6742939949035645
Xerox	DIN A3 (297 x 420 mm)	weiss	250	200	24.641668	18.14700698852539
Clairefontaine	unknown	violett	500	80	11.428125999999999	12.618979454040527
Xerox	DIN A4 (210 x 297 mm)	weiss	250	200	11.598751	11.561009407043457
Clairefontaine	DIN A3 (297 x 420 mm)	weiss	500	90	13.331935999999999	11.642555236816406
Mayer-Kuvert-network	DIN A4 (210 x 297 mm)	rot	250	80	8.869999	6.407090187072754
CreativPapier	DIN A4 (210 x 297 mm)	weiss	500	100	81.80334	100.24517059326172
Clairefontaine	DIN A3 (297 x 420 mm)	orange	250	160	12.715023	12.066777229309082
Clairefontaine	unknown	blau	500	80	14.317425	16.422119140625
Lyreco	DIN A4 (210 x 297 mm)	lachs	500	80	6.2028584	4.420886039733887
Clairefontaine	unknown	blau	250	120	14.896032	11.961060523986816
HP	DIN A4 (210 x 297 mm)	weiss	2500	80	19.276789	25.302236557006836
Papier Union	unknown	californiablau	100	170	38.079426	15.979264259338379
Papyrus	DIN A4 (210 x 297 mm)	weiss	500	80	6.637053999999999	7.372062683105469
Soennecken	DIN A4 (210 x 297 mm)	gruen	500	80	6.9953065	5.6206231117248535
Sihl	unknown	weiss	50	280	4.611739599999999	10.03218936920166
Mondi	DIN A3 (297 x 420 mm)	vanille	500	80	12.937659	12.327628135681152
Clairefontaine	DIN A4 (210 x 297 mm)	rosa	500	100	6.4604163	6.834712982177734
Brunnen Baier & Schneider	unknown	unknown	unknown	unknown	3.36	3.453138828277588
Clairefontaine	unknown	violett	500	80	14.251157999999998	12.618979454040527
Clairefontaine	unknown	gelb	250	120	11.069124	14.953253746032715
Staufen	DIN A4 (210 x 297 mm)	creme	35	120	1.8746341	1.73838210105896
Arjowiggins	unknown	perlgrau	100	90	4.1014996	7.464240550994873
Unbekannt	DIN A4 (210 x 297 mm)	weiss	250	160	5.993732	6.959811210632324
Mondi	DIN A4 (210 x 297 mm)	weiss	125	250	6.184914	12.55927562713623
5 Star	DIN A4 (210 x 297 mm)	weiss	100000	80	696.83295	754.1253662109375
Inapa	DIN A3 (297 x 420 mm)	unknown	500	80	9.879146	7.4445343017578125
Igepa	DIN A4 (210 x 297 mm)	rosa	unknown	80	6.953744400000001	3.258099317550659
Portucel Soporcel	unknown	unknown	unknown	unknown	36.319996	30.738296508789062
Mondi	DIN A3 (297 x 420 mm)	sonnengelb	500	160	14.931498000000001	14.852568626403809
Papier Union	unknown	elfenbein	100	400	11.529251	97.37255096435547
Clairefontaine	DIN A3 (297 x 420 mm)	rosa	500	80	9.045417	19.133319854736328
Discovery	DIN A4 (210 x 297 mm)	weiss	500	70	6.213334	4.940645694732666
Image	DIN SRA3 (320 x 450 mm)	weiss	125	250	19.034166	9.44466495513916
Papier Union	unknown	dunkelbraun	100	400	156.25829	45.5068244934082
Papier Union	unknown	rosa	100	120	9.912249000000001	31.743661880493164
HP	DIN A4 (210 x 297 mm)	weiss	2500	80	79.849174	25.302236557006836
Papier Union	unknown	rosa	100	120	5.1292504999999995	31.743661880493164
Clairefontaine	DIN A3 (297 x 420 mm)	weiss	125	280	11.2725	9.371980667114258
Xerox	DIN A4 (210 x 297 mm)	weiss	500	80	4.96625	9.077500343322754
Unbekannt	DIN A4 (210 x 297 mm)	weiss	500	80	4.2871428	10.270248413085938
Unbekannt	DIN A4 (210 x 297 mm)	weiss	500	80	3.59	10.270248413085938
Steinbeis Papier	DIN A4 (210 x 297 mm)	unknown	500	80	5.6527142999999995	4.743533611297607
Elco	DIN A4 (210 x 297 mm)	blau	200	80	7.771666499999999	8.566099166870117
Papyrus	DIN A4 (210 x 297 mm)	neongelb	100	80	3.3193324	5.339713096618652
Xerox	DIN A3 (297 x 420 mm)	weiss	250	150	18.473753	12.974249839782715
Mondi	DIN A3 (297 x 420 mm)	weiss	500	90	22.50094	15.929388046264648
HP	DIN A4 (210 x 297 mm)	weiss	250	200	7.256057000000001	15.133932113647461
Unbekannt	DIN A4 (210 x 297 mm)	weiss	250	160	6.4503875	6.959811210632324
Papyrus	DIN A4 (210 x 297 mm)	gelb	250	160	8.254435	7.176261901855469
Mondi	DIN A4 (210 x 297 mm)	weiss	250	200	7.313333	11.320188522338867
Clairefontaine	DIN A3 (297 x 420 mm)	violett	250	120	10.224167999999999	8.329719543457031
Mondi	DIN A4 (210 x 297 mm)	weiss	500	80	3.975	39.08479309082031
Avery Zweckform	DIN A4 (210 x 297 mm)	weiss	25	200	25.92	12.839853286743164
Clairefontaine	DIN A4 (210 x 297 mm)	weiss	250	200	9.5925	11.05158519744873
Mondi	unknown	weiss	750	280	18.317104	19.8438663482666
Clairefontaine	DIN A4 (210 x 297 mm)	weiss	500	100	5.7531753	7.899981498718262
Clairefontaine	unknown	gelb	500	80	17.877626	11.253036499023438
Portucel Soporcel	DIN A3 (297 x 420 mm)	weiss	2500	90	34.69802	26.221633911132812
Clairefontaine	DIN A4 (210 x 297 mm)	kanariengelb	250	160	9.266250999999999	11.464052200317383
Igepa	DIN A4 (210 x 297 mm)	unknown	500	80	4.6685705	3.2661712169647217
Papier Union	unknown	braun	100	120	9.929248	23.474014282226562
Xerox	unknown	weiss	500	100	18.660951999999998	16.60230827331543
Clairefontaine	DIN A4 (210 x 297 mm)	clementine	50	160	3.8122356	5.554116249084473
Avery Zweckform	DIN A4 (210 x 297 mm)	weiss	10	180	15.6413355	13.725661277770996
Mondi	DIN A3 (297 x 420 mm)	weiss	250	135	14.503333	12.523869514465332
Freytag & Petersen	DIN A4 (210 x 297 mm)	weiss	250	160	6.8627343	4.880171775817871
Staufen	DIN A4 (210 x 297 mm)	blau	35	120	1.8790243999999998	1.3768872022628784
IBA Hartmann	DIN A5 (148 x 210 mm)	gelb	1000	80	11.521628999999999	4.396761417388916
Clairefontaine	DIN A4 (210 x 297 mm)	violett	100	80	4.563750700000001	4.417201519012451
Sigel	DIN A4 (210 x 297 mm)	weiss	200	160	14.869307000000001	12.955415725708008
Staufen	DIN A4 (210 x 297 mm)	blau	25	160	1.8760976000000003	2.325460433959961
Papier Union	unknown	aqua	100	240	48.85685	7.013125419616699
Clairefontaine	DIN A4 (210 x 297 mm)	gruen	250	160	5.2583337	8.512396812438965
Clairefontaine	DIN A4 (210 x 297 mm)	beige	250	160	4.935417	5.366671562194824
Clairefontaine	DIN A4 (210 x 297 mm)	elfenbein	500	80	4.763333	6.318480014801025
Clairefontaine	DIN A4 (210 x 297 mm)	beige	500	80	4.603333	6.0666093826293945
Xerox	DIN A4 (210 x 297 mm)	weiss	2500	75	19.183332	9.20865249633789
HP	unknown	unknown	unknown	unknown	136.88785	75.08660125732422
Papier Union	unknown	aqua	100	90	2.4199996	20.779993057250977
Multicopy	DIN A4 (210 x 297 mm)	weiss	500	90	6.790953599999999	9.65952205657959
Balance	DIN A4 (210 x 297 mm)	hochweiss	500	80	5.098024400000001	4.0336480140686035
Papier Union	unknown	elfenbein	100	400	48.96857	97.37255096435547
Arjowiggins	unknown	aprikose	100	240	22.433004	11.092636108398438
Papyrus	DIN A4 (210 x 297 mm)	orange	250	160	8.428802000000001	23.076574325561523
Double A	DIN A3 (297 x 420 mm)	weiss	500	90	10.765219	16.339712142944336
Clairefontaine	DIN A3 (297 x 420 mm)	orange	500	80	10.449167	12.32698917388916
Xerox	DIN A4 (210 x 297 mm)	weiss	250	280	12.832918	9.911073684692383
Clairefontaine	DIN A4 (210 x 297 mm)	orange	100	80	3.5362122000000005	5.143074035644531
Canon	unknown	weiss	100	170	10.597188000000001	14.799758911132812
Trophée Color	DIN A3 (297 x 420 mm)	gelb	500	80	27.46538	8.401247024536133
Clairefontaine	DIN A4 (210 x 297 mm)	weiss	500	80	6.596161	5.0704169273376465
Xerox	DIN A4 (210 x 297 mm)	weiss	2500	75	18.240004000000003	9.20865249633789
Clairefontaine	DIN A4 (210 x 297 mm)	rosa	250	210	11.716667	18.828691482543945
Image	DIN A4 (210 x 297 mm)	weiss	250	200	11.337916	12.628292083740234
Elco	DIN A4 (210 x 297 mm)	chamois	100	80	4.2870836	5.759860515594482
Staples	DIN A4 (210 x 297 mm)	rosa	500	80	5.637221299999999	7.095688819885254
Clairefontaine	DIN A4 (210 x 297 mm)	sand	250	120	6.753913400000001	8.270096778869629
Xerox	DIN A3 (297 x 420 mm)	weiss	125	300	14.071251	20.236427307128906
Xerox	DIN A4 (210 x 297 mm)	weiss	250	160	5.9400744	7.527800559997559
Clairefontaine	DIN A4 (210 x 297 mm)	weiss	250	160	5.208749299999999	6.388828277587891
Clairefontaine	DIN A4 (210 x 297 mm)	rot	1000	160	42.898846	18.564313888549805
Staufen	DIN A4 (210 x 297 mm)	gelb	35	120	1.8778048999999999	1.599306344985962
Papyrus	unknown	weiss	250	160	6.614279700000001	6.203959941864014
Clairefontaine	unknown	weiss	250	120	12.023503	10.255834579467773
Igepa	DIN A3 (297 x 420 mm)	chamois	250	120	26.260487	29.544164657592773
Image	DIN A4 (210 x 297 mm)	weiss	500	100	6.9916673	9.30827522277832
Clairefontaine	unknown	gelb	250	120	19.961308	14.953253746032715
Arjowiggins	unknown	aqua	100	120	3.1242504	8.99807357788086
HP	unknown	unknown	unknown	unknown	130.55	75.08660125732422
Clairefontaine	DIN SRA3 (320 x 450 mm)	weiss	500	90	12.235502	9.636800765991211
Evolve	DIN A4 (210 x 297 mm)	weiss	500	80	4.0442476	60.30853271484375
Papier Union	unknown	californiablau	100	120	27.005746999999996	11.021332740783691
Clairefontaine	DIN A4 (210 x 297 mm)	violett	250	210	11.8125	21.650466918945312
Clairefontaine	DIN A4 (210 x 297 mm)	elfenbein	250	120	3.9716659	9.016425132751465
Mondi	DIN A4 (210 x 297 mm)	weiss	250	200	17.42	11.320188522338867
Portucel Soporcel	DIN A3 (297 x 420 mm)	unknown	500	80	8.724776	12.645339965820312
Avery Zweckform	unknown	unknown	unknown	unknown	10.41	11.28759479522705
Mondi	DIN A4 (210 x 297 mm)	unknown	500	90	6.711802499999999	7.493363380432129
Papyrus	DIN A4 (210 x 297 mm)	weiss	500	80	4.412858	7.372062683105469
Papyrus	DIN A3 (297 x 420 mm)	unknown	500	80	8.174197	9.325440406799316
Clairefontaine	DIN A4 (210 x 297 mm)	gelb	500	80	4.7658324	8.097865104675293
Papier Union	unknown	californiablau	100	170	4.6460013	15.979264259338379
Clairefontaine	DIN A3 (297 x 420 mm)	hellblau	500	80	9.047084	16.419132232666016
Unbekannt	DIN A4 (210 x 297 mm)	hochweiss	100000	80	7.415209299999999	34.236656188964844
Unbekannt	DIN A5 (148 x 210 mm)	weiss	500	80	3.6080334	4.28652286529541
Papier Union	unknown	californiablau	100	90	20.423498000000002	2.7116425037384033
Papyrus	DIN A4 (210 x 297 mm)	weiss	500	90	4.27265	9.158783912658691
Portucel Soporcel	DIN A3 (297 x 420 mm)	unknown	500	75	6.498889	9.715380668640137
Trophee	DIN A4 (210 x 297 mm)	unknown	500	80	8.029444999999999	15.97748851776123
Unbekannt	DIN A4 (210 x 297 mm)	unknown	500	80	2.9476337000000004	5.023734092712402
Trophee	DIN A4 (210 x 297 mm)	unknown	500	80	7.872855	15.97748851776123
Clairefontaine	DIN A4 (210 x 297 mm)	weiss	125	300	5.774038	7.9329142570495605
Clairefontaine	DIN A3 (297 x 420 mm)	weiss	250	160	8.716999000000001	16.160947799682617
Clairefontaine	DIN A4 (210 x 297 mm)	sand	50	160	3.8417792	4.429996490478516
Papier Union	unknown	goldgelb	100	170	38.065422	21.566875457763672
Clairefontaine	DIN A3 (297 x 420 mm)	karamell	500	80	9.084583	9.742500305175781
Staples	DIN A4 (210 x 297 mm)	rosa	250	120	4.906817	4.755435943603516
Staples	DIN A3 (297 x 420 mm)	rosa	500	80	11.234783	12.996068000793457
CreativPapier	DIN A4 (210 x 297 mm)	weiss	1000	40	19.717497	135.8368682861328
Clairefontaine	DIN A4 (210 x 297 mm)	rosa	250	160	5.2625003	9.072511672973633
TOP-Preis	DIN A4 (210 x 297 mm)	gelb	250	120	7.244216000000001	5.617736339569092
Mondi	DIN SRA3 (320 x 450 mm)	weiss	250	170	19.868887	20.636920928955078
Arjowiggins	unknown	vanille	100	240	22.413006	11.198829650878906
Pro Office	DIN A4 (210 x 297 mm)	weiss	500	75	4.1977773	3.204913377761841
Mondi	DIN A3 (297 x 420 mm)	weiss	500	80	299.29967999999997	10.035004615783691
Mondi	unknown	unknown	500	80	4.6233335	8.628579139709473
Arjowiggins	unknown	elfenbein	100	240	22.427254	11.252962112426758
HP	unknown	unknown	unknown	unknown	3.377124	75.08660125732422
Mondi	DIN A3 (297 x 420 mm)	weiss	250	135	41.028496000000004	12.523869514465332
Papyrus	DIN A3 (297 x 420 mm)	hellgrau	500	80	10.722499000000001	11.695459365844727
Papier Union	unknown	braun	100	170	58.897045	18.122243881225586
Clairefontaine	DIN A4 (210 x 297 mm)	weiss	250	120	4.766548	5.223640441894531
Trophée Color	unknown	violett	500	80	15.876057000000001	11.627469062805176
Xerox	DIN A3 (297 x 420 mm)	weiss	500	75	6.9533320000000005	7.456916809082031
Clairefontaine	DIN A4 (210 x 297 mm)	blau	250	120	6.2730365	14.511831283569336
Papier Union	unknown	goldgelb	100	90	2.57025	21.20100975036621
Staples	DIN A3 (297 x 420 mm)	goldgelb	500	80	9.582355	9.934959411621094
Papyrus	DIN A4 (210 x 297 mm)	rot	250	120	6.700366000000001	8.971029281616211
Xerox	DIN A4 (210 x 297 mm)	unknown	unknown	80	6.1575003	139.09498596191406
Papier Union	unknown	unknown	unknown	unknown	15.566747	47.19144058227539
Papier Union	unknown	dunkelbraun	100	320	24.852504999999997	61.16497039794922
Papier Union	unknown	dunkelbraun	100	170	13.867	32.53971862792969
Staples	DIN A4 (210 x 297 mm)	weiss	25	270	7.4162836	7.822195053100586
Arjowiggins	unknown	vanille	100	90	9.437750999999999	4.480247497558594
Mondi	DIN A4 (210 x 297 mm)	weiss	500	80	4.4808693	39.08479309082031
Clairefontaine	DIN A3 (297 x 420 mm)	kamel	500	80	11.640001	12.38852596282959
Clairefontaine	unknown	orange	250	160	11.344316000000001	13.727187156677246
Avery Zweckform	DIN A4 (210 x 297 mm)	weiss	500	90	8.971381	6.928544044494629
Clairefontaine	DIN A4 (210 x 297 mm)	grau	500	80	4.7866664000000005	7.990179061889648
CreativPapier	DIN A3 (297 x 420 mm)	weiss	50	120	18.934444	39.654090881347656
Freytag & Petersen	DIN A4 (210 x 297 mm)	weiss	2000	120	32.011475	16.402477264404297
HP	DIN A4 (210 x 297 mm)	unknown	500	80	5.052	16.313194274902344
Corona	DIN A4 (210 x 297 mm)	unknown	500	80	7.6728225000000005	6.235773086547852
Unbekannt	unknown	kanariengelb	500	80	17.788723	16.960533142089844
Papyrus	DIN A4 (210 x 297 mm)	weiss	2500	80	38.322212	22.458316802978516
Navigator Papier	DIN A4 (210 x 297 mm)	unknown	250	160	7.488678	5.7025628089904785
Papier Union	unknown	unknown	unknown	unknown	8.053248	47.19144058227539
Portucel Soporcel	DIN A3 (297 x 420 mm)	weiss	500	100	12.057325	16.06976318359375
Rainbow	unknown	hellblau	500	unknown	11.698666000000001	4.251585960388184
Clairefontaine	DIN A4 (210 x 297 mm)	gelb	500	100	6.4604163	6.743414402008057
Clairefontaine	DIN A4 (210 x 297 mm)	unknown	50	120	5.1312647	5.249596118927002
Neutraler Lieferant	DIN A4 (210 x 297 mm)	weiss	500	80	2.6119497000000003	55.67737579345703
Soennecken	DIN A5 (148 x 210 mm)	weiss	1000	120	21.323057000000002	9.421709060668945
Papyrus	DIN A4 (210 x 297 mm)	grau	250	160	5.9600005	7.060986518859863
Clairefontaine	DIN A3 (297 x 420 mm)	goldgelb	250	120	10.723753	8.82213306427002
Arjowiggins	unknown	unknown	100	240	22.409754	23.879974365234375
Mondi	DIN A3 (297 x 420 mm)	unknown	500	90	15.642966	18.076011657714844
Papier Union	unknown	hellblau	100	170	4.32475	35.52743911743164
Xerox	DIN A3 (297 x 420 mm)	weiss	250	300	27.074583	27.99578285217285
HP	DIN A4 (210 x 297 mm)	weiss	500	90	6.044664	7.619007587432861
Unbekannt	DIN A4 (210 x 297 mm)	korallenrot	500	80	7.5748835	6.403302192687988
Mondi	unknown	weiss	500	100	23.624325	17.79400062561035
HP	DIN A3 (297 x 420 mm)	unknown	100	120	38.222190000000005	28.079896926879883
projectiondesign	DIN A3 (297 x 420 mm)	weiss	250	160	17.067520000000002	15.746755599975586
Steinbeis Papier	DIN A4 (210 x 297 mm)	weiss	500	80	9.75	4.7570905685424805
Clairefontaine	unknown	gelb	500	80	10.763010000000001	11.253036499023438
Arjowiggins	unknown	ziegelrot	100	170	8.905502	19.653284072875977
Igepa	DIN A4 (210 x 297 mm)	weiss	500	70	7.0216985	4.705752849578857
Multicopy	DIN A3 (297 x 420 mm)	weiss	500	80	9.6387825	16.127302169799805
Mondi	DIN A4 (210 x 297 mm)	gruen	500	80	7.5224338	6.786015510559082
Data Copy	DIN A5 (148 x 210 mm)	weiss	500	80	2.9299996	3.9670534133911133
Mondi	DIN A3 (297 x 420 mm)	weiss	500	80	10.245467	10.035004615783691
Staples	DIN A3 (297 x 420 mm)	mittelblau	500	80	9.633858	9.956598281860352
Mondi	unknown	wasserblau	250	160	9.749175	16.99239730834961
Clairefontaine	DIN A4 (210 x 297 mm)	blau	100	80	2.6517463	4.005444526672363
Avery Zweckform	DIN A4 (210 x 297 mm)	weiss	100	200	14.620885000000001	22.78579330444336
Unbekannt	DIN A4 (210 x 297 mm)	weiss	500	80	5.6856523	10.270248413085938
Optibelt	DIN A4 (210 x 297 mm)	rot	25	120	4.492766400000001	3.3074138164520264
Herlitz	unknown	unknown	unknown	unknown	2.8516667	39.71954345703125
Avery Zweckform	DIN A4 (210 x 297 mm)	weiss	60	160	23.44985	9.177485466003418
Clairefontaine	DIN A3 (297 x 420 mm)	korallenrot	500	80	10.449167	15.026901245117188
Sigel	unknown	weiss	4	200	3.8133333	16.33385467529297
Clairefontaine	unknown	blau	250	120	5.8547945	11.961060523986816
Xerox	DIN A3 (297 x 420 mm)	unknown	250	120	11.069167	13.56314468383789
UPM	DIN A3 (297 x 420 mm)	weiss	500	75	12.164166999999999	6.829567909240723
Yes	DIN A3 (297 x 420 mm)	weiss	500	80	12.391250999999999	9.163092613220215
Sigel	unknown	weiss	4	260	6.9594119999999995	8.93120002746582
Rainbow	DIN A5 (148 x 210 mm)	blau	200000	80	1272.1844	3.572514295578003
Mondi	DIN A4 (210 x 297 mm)	weiss	250	220	10.498542	10.493977546691895
Mondi	unknown	weiss	125	300	5.193333	12.398503303527832
Schaefer Group	DIN A3 (297 x 420 mm)	weiss	2500	unknown	36.574093	26.526958465576172
Steinbeis Papier	DIN A3 (297 x 420 mm)	unknown	500	80	11.046664999999999	8.663066864013672
Arjowiggins	unknown	rot	100	170	19.250256	9.386550903320312
UPM	DIN A4 (210 x 297 mm)	weiss	500	75	6.6900015	4.647071361541748
Clairefontaine	DIN A3 (297 x 420 mm)	blau	500	80	7.997215299999999	12.184834480285645
Océ	DIN A4 (210 x 297 mm)	weiss	500	100	8.467856	40.47089385986328
Papier Union	unknown	blauviolett	100	120	21.141748	19.4166316986084
Mondi	DIN A4 (210 x 297 mm)	weiss	250	160	7.6410865999999995	10.185446739196777
Xerox	DIN A4 (210 x 297 mm)	weiss	250	170	9.774999000000001	10.109371185302734
Epson	DIN A3 (297 x 420 mm)	weiss	250	103	139.08788	48.40580749511719
Unbekannt	DIN A4 (210 x 297 mm)	weiss	500	80	4.2057459999999995	10.270248413085938
Papyrus	DIN A4 (210 x 297 mm)	weiss	500	80	3.8095653	7.372062683105469
Xerox	DIN A4 (210 x 297 mm)	weiss	500	80	3.7919843	9.077500343322754
HP	unknown	unknown	unknown	unknown	66.00286	75.08660125732422
Portucel Soporcel	DIN A4 (210 x 297 mm)	weiss	2500	75	8.4897995	16.53988265991211
Clairefontaine	DIN A4 (210 x 297 mm)	gelb	500	80	4.65375	8.097865104675293
Papier Union	unknown	perlgrau	100	320	67.123215	8.66131591796875
Staufen	DIN A4 (210 x 297 mm)	orange	25	160	1.8760976000000003	1.4910671710968018
Michaelis	DIN A3 (297 x 420 mm)	gruen	500	80	14.45	12.363819122314453
Brunnen Baier & Schneider	DIN A4 (210 x 297 mm)	rot	25	160	3.6408336	2.3007233142852783
Multicopy	unknown	unknown	unknown	unknown	6.673694	9.30070972442627
Staples	DIN A4 (210 x 297 mm)	weiss	500	80	4.853107	266.57598876953125
Papier Union	unknown	rotorange	100	90	2.9515	24.115636825561523
Multicopy	DIN A4 (210 x 297 mm)	weiss	2500	80	14.410001000000001	21.4007625579834
Lyreco	DIN A4 (210 x 297 mm)	unknown	500	80	4.48	6.323648929595947
Michaelis	DIN A3 (297 x 420 mm)	rosa	500	80	14.45	26.342641830444336
Papyrus	DIN A4 (210 x 297 mm)	weiss	5000	80	21.72835	28.68297004699707
Clairefontaine	unknown	rot	500	80	14.228809	13.684209823608398
Clairefontaine	DIN A3 (297 x 420 mm)	weiss	250	120	14.492307	10.233389854431152
Clairefontaine	DIN A4 (210 x 297 mm)	kanariengelb	500	80	18.27746	10.128174781799316
Hansa Papier	DIN A4 (210 x 297 mm)	rot	250	120	7.283603	5.285515308380127
Michaelis	DIN A4 (210 x 297 mm)	weiss	250	200	12.886944999999999	12.947213172912598
Unbekannt	DIN A4 (210 x 297 mm)	weiss	250	160	7.0837955	6.959811210632324
Papier Union	unknown	rot	100	90	2.9515	6.961923599243164
Mondi	DIN A4 (210 x 297 mm)	weiss	250	250	21.34592	12.081694602966309
Staples	DIN A4 (210 x 297 mm)	unknown	250	80	6.240396	4.8764214515686035
Multicopy	unknown	unknown	unknown	unknown	5.965	9.30070972442627
Papier Union	unknown	unknown	100	240	41.940273	42.14862823486328
Epson	DIN A4 (210 x 297 mm)	weiss	500	90	8.239999000000001	9.182769775390625
Sigel	DIN A3 (297 x 420 mm)	hochweiss	50	210	64.90281999999999	32.56365966796875
Xerox	DIN SRA3 (320 x 450 mm)	weiss	100	250	15.943332	23.45241355895996
Clairefontaine	DIN A3 (297 x 420 mm)	weiss	500	60	7.9335523	9.647488594055176
Igepa	DIN A4 (210 x 297 mm)	orange	250	190	11.627561	12.793417930603027
Staples	DIN A4 (210 x 297 mm)	altgold	500	80	5.660567299999999	52.897796630859375
Xerox	DIN A3 (297 x 420 mm)	weiss	250	160	22.125418	14.826555252075195
Australien Paper	DIN A4 (210 x 297 mm)	unknown	500	80	4.205898	32.14029312133789
Portucel Soporcel	DIN A3 (297 x 420 mm)	weiss	500	90	11.104286	12.470571517944336
Inapa	DIN A3 (297 x 420 mm)	unknown	500	80	8.951245	7.4445343017578125
HP	unknown	weiss	unknown	90	21.315306	46.489830017089844
Sigel	DIN A5 (148 x 210 mm)	unknown	72	260	28.710928000000003	34.34885787963867
Clairefontaine	DIN A3 (297 x 420 mm)	gelb	250	160	26.357363	49.89719009399414
Freytag & Petersen	DIN A3 (297 x 420 mm)	weiss	2000	120	48.232586	35.866912841796875
Clairefontaine	unknown	blau	1000	160	32.691708	17.575862884521484
Clairefontaine	DIN A3 (297 x 420 mm)	weiss	500	80	9.5599985	11.587636947631836
Arjowiggins	unknown	rotorange	100	120	6.68825	14.821269989013672
Xerox	DIN A4 (210 x 297 mm)	weiss	250	160	11.31375	7.527800559997559
Mondi	DIN A4 (210 x 297 mm)	weiss	250	200	11.111695	11.320188522338867
Mondi	DIN A4 (210 x 297 mm)	rosa	500	80	15.126470999999999	6.423834800720215
Mondi	DIN A4 (210 x 297 mm)	orange	250	160	8.347955	8.50446605682373
HP	unknown	hochweiss	unknown	130	46.34046	99.7723159790039
Igepa	DIN A4 (210 x 297 mm)	weiss	500	70	4.087890600000001	4.705752849578857
Staples	DIN A4 (210 x 297 mm)	blau	250	160	5.491462	5.560725212097168
Clairefontaine	DIN A4 (210 x 297 mm)	aprikose	500	80	6.012917	8.481654167175293
Papier Union	unknown	perlgrau	100	320	34.045590000000004	8.66131591796875
Papyrus	DIN A4 (210 x 297 mm)	unknown	500	80	4.4685163	10.69826889038086
Staples	DIN A4 (210 x 297 mm)	weiss	2500	80	15.413692999999999	20.22676658630371
Staples	DIN A3 (297 x 420 mm)	gelb	500	80	9.597694	10.292471885681152
RecyStar	DIN A4 (210 x 297 mm)	beige	500	80	4.745	6.47756814956665
Papyrus	DIN A4 (210 x 297 mm)	weiss	500	75	3.3102940000000003	5.241385459899902
Multicopy	unknown	unknown	unknown	unknown	10.839523	9.30070972442627
Papyrus	DIN A3 (297 x 420 mm)	chamois	500	80	11.723723	17.71795082092285
Schaefer Group	DIN A4 (210 x 297 mm)	weiss	500	unknown	3.4840348	4.27675724029541
Clairefontaine	DIN A3 (297 x 420 mm)	weiss	500	90	10.360772	11.642555236816406
Staples	DIN A4 (210 x 297 mm)	neongelb	500	80	9.209432000000001	58.86966323852539
Unbekannt	DIN A3 (297 x 420 mm)	gelb	500	80	15.011398000000002	10.654155731201172
Clairefontaine	DIN A4 (210 x 297 mm)	weiss	500	110	9.458038	5.897568225860596
Mondi	DIN A4 (210 x 297 mm)	weiss	250	170	11.562861	14.386388778686523
Soennecken	DIN A3 (297 x 420 mm)	weiss	500	80	8.602356	8.924712181091309
Clairefontaine	DIN A4 (210 x 297 mm)	rosa	500	80	4.7883334	9.948391914367676
Arjowiggins	unknown	gruen	100	90	4.9574995	4.200657844543457
Inapa	DIN A3 (297 x 420 mm)	weiss	500	80	7.9175878	7.128017902374268
Mondi	unknown	weiss	500	100	123.5623	17.79400062561035
Double A	DIN A3 (297 x 420 mm)	weiss	500	75	5.629275	15.314340591430664
HP	DIN A4 (210 x 297 mm)	weiss	20	300	20.339024	18.749229431152344
Clairefontaine	DIN A5 (148 x 210 mm)	unknown	500	80	3.2851279000000004	4.539164066314697
Papier Union	unknown	unknown	100	240	82.92067	42.14862823486328
Papyrus	DIN A4 (210 x 297 mm)	gruen	500	80	6.956922500000001	6.6300811767578125
Steinbeis Papier	DIN A4 (210 x 297 mm)	gruen	500	80	4.895	5.61245059967041
Clairefontaine	DIN A4 (210 x 297 mm)	weiss	250	160	8.709999	6.388828277587891
Clairefontaine	DIN A3 (297 x 420 mm)	weiss	250	160	8.103750999999999	16.160947799682617
Trophee	DIN A4 (210 x 297 mm)	unknown	500	80	6.447619	15.97748851776123
Clairefontaine	DIN A4 (210 x 297 mm)	gelb	100	80	5.4546523	4.385765552520752
Mondi	DIN A4 (210 x 297 mm)	weiss	250	200	11.165471	11.320188522338867
Trophée Color	unknown	gruen	2500	80	15.5222	10.60240364074707
Papier Union	unknown	elfenbein	100	400	22.211502	97.37255096435547
Igepa	DIN A3 (297 x 420 mm)	goldgelb	500	80	16.562819	28.931045532226562
UPM	DIN A4 (210 x 297 mm)	weiss	500	80	7.8307652	5.883679389953613
Papier Union	unknown	kieselgrau	100	320	8.051497999999999	39.71196746826172
HP	unknown	hochweiss	unknown	130	64.540634	99.7723159790039
Mondi	DIN A4 (210 x 297 mm)	unknown	500	80	6.411667	4.677422046661377
Mondi	DIN A3 (297 x 420 mm)	weiss	500	100	17.070253	21.030010223388672
Discovery	DIN A4 (210 x 297 mm)	weiss	2500	75	20.425232	14.723650932312012
Image	DIN A3 (297 x 420 mm)	weiss	500	90	12.402395	16.220956802368164
Mondi	DIN A3 (297 x 420 mm)	weiss	150	280	19.190996	20.699026107788086
Papyrus	DIN A4 (210 x 297 mm)	weiss	500	80	13.499751999999999	7.372062683105469
Mondi	DIN A3 (297 x 420 mm)	weiss	500	80	12.430835	10.035004615783691
Lyreco	DIN A4 (210 x 297 mm)	weiss	500	80	2.4892855	2.398725986480713
SMART COPY	DIN A4 (210 x 297 mm)	weiss	500	80	2.8494372	57.676822662353516
Xerox	DIN A3 (297 x 420 mm)	weiss	250	160	15.671667999999999	14.826555252075195
Clairefontaine	unknown	sand	250	160	12.436586	10.931697845458984
Clairefontaine	DIN A3 (297 x 420 mm)	gruen	250	160	11.416249	21.763893127441406
Metsae	DIN A4 (210 x 297 mm)	weiss	200	100	11.721966	11.20344066619873
Papier Union	unknown	unknown	100	90	2.9525	22.047863006591797
Clairefontaine	DIN A4 (210 x 297 mm)	weiss	250	100	7.050416499999999	6.514106273651123
Papier Union	unknown	perlgrau	100	320	15.570246	8.66131591796875
Epson	DIN A4 (210 x 297 mm)	weiss	50	192	12.694295	16.58202362060547
Antalis	DIN A4 (210 x 297 mm)	unknown	500	80	3.8025994	3.8646891117095947
Unbekannt	DIN A4 (210 x 297 mm)	weiss	500	80	6.089373	10.270248413085938
Papyrus	DIN A4 (210 x 297 mm)	hellgelb	250	120	14.784891	10.55104923248291
Arjowiggins	unknown	unknown	100	90	9.442250999999999	10.446187973022461
HP	DIN A4 (210 x 297 mm)	weiss	500	100	6.3438888	9.130597114562988
Clairefontaine	DIN A3 (297 x 420 mm)	beige	250	160	13.505	11.467321395874023
Mondi	DIN A4 (210 x 297 mm)	weiss	250	200	9.205702	11.320188522338867
Mondi	DIN A3 (297 x 420 mm)	weiss	500	80	8.178244	10.035004615783691
Unbekannt	DIN A4 (210 x 297 mm)	weiss	500	90	10.080532	7.47765588760376
Mondi	DIN A4 (210 x 297 mm)	gold	500	80	7.0598965	8.298114776611328
Rainbow	DIN A3 (297 x 420 mm)	gelb	250	160	17.233334	28.88521957397461
Papier Union	unknown	ziegelrot	100	320	43.66685	39.517337799072266
Arjowiggins	unknown	grau	100	120	5.377999	8.59068775177002
Igepa	DIN A4 (210 x 297 mm)	gelb	250	80	5.373302	9.086145401000977
Mondi	DIN A3 (297 x 420 mm)	mittelgruen	500	80	12.562164	11.883796691894531
Arjowiggins	unknown	californiablau	100	240	11.288252	25.11464500427246
Papier Union	unknown	kieselgrau	100	170	35.004417	5.321593284606934
Papier Union	unknown	dunkelgruen	100	240	41.917415999999996	39.329593658447266
HP	unknown	weiss	unknown	90	31.307398	46.489830017089844
Clairefontaine	DIN A3 (297 x 420 mm)	unknown	500	80	11.608773	8.257000923156738
Staples	DIN A4 (210 x 297 mm)	hellblau	500	80	4.739518599999999	50.84354019165039
Clairefontaine	unknown	weiss	250	160	15.452248	9.091980934143066
Papier Union	unknown	goldgelb	100	240	6.6049995	36.78715133666992
Papier Union	unknown	kirschrot	100	320	24.856005	59.23876190185547
Igepa	DIN A3 (297 x 420 mm)	weiss	500	90	10.187414	15.086355209350586
Antalis	DIN A4 (210 x 297 mm)	weiss	500	80	3.449893	3.263120651245117
HP	unknown	weiss	500	80	10.848759	19.043542861938477
Rainbow	DIN A5 (148 x 210 mm)	gruen	200000	80	1272.7894	3.485196590423584
RecyStar	DIN A4 (210 x 297 mm)	rosa	250	160	8.024335	7.883777141571045
Papier Union	unknown	aprikose	100	90	2.4172497	20.912044525146484
Clairefontaine	unknown	weiss	500	80	9.562263	12.882271766662598
Clairefontaine	DIN A3 (297 x 420 mm)	rosa	250	160	12.705606	14.086506843566895
Clairefontaine	DIN A4 (210 x 297 mm)	orange	500	80	5.3704165999999995	6.649278163909912
Clairefontaine	DIN A4 (210 x 297 mm)	violett	50	160	4.576666400000001	4.702880859375
Clairefontaine	unknown	unknown	500	80	22.895254	23.548175811767578
Clairefontaine	DIN A3 (297 x 420 mm)	weiss	125	250	7.234584299999999	12.467608451843262
Staples	DIN A4 (210 x 297 mm)	unknown	25	240	7.1071860000000004	8.394201278686523
Staples	DIN A4 (210 x 297 mm)	unknown	2500	80	13.685978	16.777496337890625
Clairefontaine	DIN A3 (297 x 420 mm)	weiss	125	280	13.564252	9.371980667114258
Clairefontaine	DIN A4 (210 x 297 mm)	weiss	250	170	9.255833	7.006230354309082
UPM	DIN A4 (210 x 297 mm)	weiss	500	80	4.841952	5.883679389953613
Clairefontaine	unknown	neongelb	500	80	19.819208	25.060089111328125
Papier Union	unknown	goldgelb	100	240	53.05828	36.78715133666992
Papyrus	DIN A4 (210 x 297 mm)	weiss	2500	80	79.0	22.458316802978516
Papyrus	DIN A4 (210 x 297 mm)	gruen	250	160	8.421169	17.231884002685547
Papier Union	unknown	dunkelgruen	100	170	13.85125	32.960777282714844
Clairefontaine	DIN A4 (210 x 297 mm)	hellgrau	500	80	4.7866664000000005	5.297957420349121
Xerox	unknown	weiss	500	80	6.11225	10.97253131866455
Staples	DIN A4 (210 x 297 mm)	weiss	500	80	4.049652	266.57598876953125
Papier Union	unknown	unknown	100	120	41.53799	20.393016815185547
Clairefontaine	DIN A4 (210 x 297 mm)	orange	500	80	6.737935	6.649278163909912
Lyreco	DIN A3 (297 x 420 mm)	unknown	500	80	10.846922	9.862344741821289
Clairefontaine	unknown	weiss	250	190	19.548504	7.763347148895264
Yes	DIN A4 (210 x 297 mm)	weiss	2500	80	22.690832	23.874393463134766
Sigel	DIN A4 (210 x 297 mm)	weiss	25	200	25.44	10.39919662475586
Brunnen Baier & Schneider	DIN A4 (210 x 297 mm)	hellblau	50	80	2.2208333	3.1149520874023438
Xerox	DIN SRA3 (320 x 450 mm)	weiss	250	300	30.828333	34.37624740600586
Papyrus	DIN A4 (210 x 297 mm)	weiss	2500	80	17.098095	22.458316802978516
Inapa	DIN A3 (297 x 420 mm)	weiss	500	80	6.477258999999999	7.128017902374268
Clairefontaine	DIN A3 (297 x 420 mm)	blau	500	80	10.4383335	12.184834480285645
Staples	DIN A4 (210 x 297 mm)	ultraweiss	25	240	7.446252	6.162975788116455
Paper One	unknown	unknown	unknown	unknown	4.108071	86.4354019165039
Xerox	DIN SRA3 (320 x 450 mm)	weiss	250	150	15.665001	15.608234405517578
Clairefontaine	DIN A4 (210 x 297 mm)	weiss	125	250	4.944642	6.068087577819824
Double A	DIN A4 (210 x 297 mm)	weiss	100000	80	522.5187	581.8336181640625
Arjowiggins	unknown	zitronengelb	100	90	9.581750999999999	5.139084339141846
Xerox	DIN A4 (210 x 297 mm)	weiss	500	80	21.843643	9.077500343322754
Sigel	DIN A4 (210 x 297 mm)	weiss	500	100	14.853385999999999	12.647096633911133
Arjowiggins	unknown	goldgelb	100	240	11.279001	25.285844802856445
Mondi	unknown	weiss	250	220	27.520502	17.496543884277344
Papyrus	DIN A4 (210 x 297 mm)	blau	500	80	4.8518906	7.037346363067627
Lyreco	DIN A3 (297 x 420 mm)	blau	500	80	16.357506	14.577969551086426
Clairefontaine	DIN A3 (297 x 420 mm)	weiss	125	210	8.730749000000001	10.43684196472168
Brunnen Baier & Schneider	DIN A4 (210 x 297 mm)	gruen	25	160	2.2175002	2.3433098793029785
Xerox	DIN SRA3 (320 x 450 mm)	weiss	125	300	16.155418	26.021947860717773
Avery Zweckform	DIN A4 (210 x 297 mm)	weiss	20	160	17.19	7.187550067901611
HP	DIN A4 (210 x 297 mm)	weiss	2500	80	15.162857	25.302236557006836
Avery Zweckform	DIN A4 (210 x 297 mm)	weiss	40	180	9.902188	15.429940223693848
Arjowiggins	unknown	blau	100	120	5.8305006	6.193238735198975
Papyrus	DIN A4 (210 x 297 mm)	weiss	500	75	3.5630004	5.241385459899902
Papier Union	unknown	zitronengelb	100	90	2.563	21.216167449951172
Clairefontaine	DIN A4 (210 x 297 mm)	gruen	50	160	5.240755	4.118163585662842
Clairefontaine	unknown	blau	250	120	20.319874	11.961060523986816
Igepa	DIN A3 (297 x 420 mm)	maigruen	500	80	16.924093	86.32022094726562
Mondi	DIN A4 (210 x 297 mm)	weiss	500	80	4.196257	39.08479309082031
Papyrus	DIN A4 (210 x 297 mm)	weiss	250	120	5.47722	7.258519172668457
HP	DIN A3 (297 x 420 mm)	weiss	250	160	8.87	12.779187202453613
Unbekannt	unknown	weiss	unknown	80	3.9890842000000006	8.257932662963867
Staples	DIN A4 (210 x 297 mm)	grau	500	80	4.785981	25.930198669433594
Papyrus	DIN A4 (210 x 297 mm)	grau	500	80	17.560577	8.516109466552734
Arjowiggins	unknown	unknown	100	240	24.34125	23.879974365234375
Clairefontaine	DIN A4 (210 x 297 mm)	fuchsia	100	80	4.594167	2.8600847721099854
Xerox	DIN A3 (297 x 420 mm)	weiss	250	150	18.45125	12.974249839782715
Xerox	DIN SRA3 (320 x 450 mm)	weiss	125	350	18.692503	18.864986419677734
Clairefontaine	DIN A4 (210 x 297 mm)	unknown	2500	80	43.882690000000004	24.108959197998047
Team Group	DIN A3 (297 x 420 mm)	weiss	500	80	8.4454155	7.430834770202637
Clairefontaine	DIN SRA3 (320 x 450 mm)	weiss	125	350	14.653374	15.177066802978516
Papyrus	DIN A4 (210 x 297 mm)	weiss	5000	unknown	22.899998	23.373184204101562
Unbekannt	DIN A4 (210 x 297 mm)	rosa	250	160	7.216884599999999	8.452824592590332
Epson	DIN A3 (297 x 420 mm)	unknown	50	192	41.49	58.1876106262207
Papier Union	unknown	perlgrau	100	240	48.814274	6.709796905517578
Papyrus	DIN A4 (210 x 297 mm)	gelb	250	160	16.575312	7.176261901855469
Papier Union	unknown	goldgelb	100	170	4.6477512999999995	21.566875457763672
Clairefontaine	DIN A3 (297 x 420 mm)	weiss	250	135	10.565417	12.494878768920898
Mondi	DIN SRA3 (320 x 450 mm)	weiss	150	250	23.26417	16.85198211669922
Clairefontaine	DIN A4 (210 x 297 mm)	weiss	500	100	6.3560615	7.899981498718262
Papyrus	DIN A4 (210 x 297 mm)	weiss	250	120	6.865469999999999	7.258519172668457
Clairefontaine	DIN A4 (210 x 297 mm)	aprikose	500	80	7.798627400000001	8.481654167175293
Papyrus	DIN A4 (210 x 297 mm)	hellrosa	500	80	5.616333	8.416004180908203
Papier Union	unknown	goldgelb	100	120	3.3737495	20.357412338256836
Papier Union	unknown	beige	100	240	6.0707498	49.83799743652344
Staples	DIN A4 (210 x 297 mm)	korallenrot	250	120	4.911135	3.7998456954956055
Papyrus	DIN A4 (210 x 297 mm)	weiss	500	80	3.365311	7.372062683105469
Papyrus	DIN A4 (210 x 297 mm)	weiss	250	200	9.350083999999999	22.15530776977539
HP	DIN A4 (210 x 297 mm)	weiss	50	180	17.083336	21.26302719116211
Papier Union	unknown	perlgrau	100	170	34.975006	4.627100467681885
Clairefontaine	DIN A4 (210 x 297 mm)	gruen	250	120	3.9774995000000004	7.632938385009766
Mondi	DIN A3 (297 x 420 mm)	wasserblau	500	160	14.810026	22.31179428100586
Clairefontaine	DIN A4 (210 x 297 mm)	gelb	50	160	3.9481453999999996	4.010553359985352
Clairefontaine	DIN A4 (210 x 297 mm)	unknown	500	80	6.2142324	5.544383525848389
Image	DIN SRA3 (320 x 450 mm)	weiss	250	200	29.580002	20.16078758239746
Unbekannt	DIN A4 (210 x 297 mm)	maigruen	250	120	7.235943300000001	19.523086547851562
Image	DIN SRA3 (320 x 450 mm)	weiss	250	160	22.535004	20.863351821899414
Papier Union	unknown	perlgrau	100	120	3.1287502999999997	25.22404670715332
Mondi	DIN A3 (297 x 420 mm)	gruen	250	160	14.931647	10.781107902526855
Xerox	DIN A4 (210 x 297 mm)	weiss	2500	80	28.002552	17.54674530029297
Clairefontaine	DIN A4 (210 x 297 mm)	blau	250	120	3.9724994	14.511831283569336
Unbekannt	DIN A3 (297 x 420 mm)	gelb	250	160	15.780246	17.08582878112793
Papier Union	unknown	goldgelb	100	120	26.981496999999997	20.357412338256836
Mondi	unknown	weiss	250	160	15.527586999999999	18.919599533081055
Clairefontaine	DIN A4 (210 x 297 mm)	violett	250	160	7.98911	5.343934535980225
Unbekannt	DIN A3 (297 x 420 mm)	weiss	125	250	12.821373	13.436591148376465
Arjowiggins	unknown	grau	100	170	16.171	7.929081439971924
Mondi	DIN A3 (297 x 420 mm)	unknown	500	60	6.3613334	10.80517864227295
Papier Union	unknown	californiablau	100	240	53.066566	28.676422119140625
Image	DIN A3 (297 x 420 mm)	weiss	250	120	8.408789	12.01146125793457
Clairefontaine	DIN A4 (210 x 297 mm)	weiss	100	80	2.335111	3.3417229652404785
Clairefontaine	DIN A4 (210 x 297 mm)	unknown	250	160	10.2072935	8.00892162322998
Clairefontaine	DIN A4 (210 x 297 mm)	weiss	250	160	7.347619	6.388828277587891
Clairefontaine	DIN A4 (210 x 297 mm)	orange	250	160	5.905	6.586437225341797
Epson	unknown	weiss	80	255	9.803600999999999	17.924577713012695
Steinbeis Papier	DIN A3 (297 x 420 mm)	weiss	500	80	7.9676695	9.873577117919922
Stora Enso	DIN A4 (210 x 297 mm)	weiss	2500	80	3.8361113	56.65922546386719
Brunnen Baier & Schneider	unknown	unknown	unknown	unknown	3.36	3.453138828277588
UPM	DIN A4 (210 x 297 mm)	weiss	500	80	5.299231	5.883679389953613
Portucel Soporcel	DIN A4 (210 x 297 mm)	weiss	1500	80	14.03645	92.01641082763672
Image	DIN A4 (210 x 297 mm)	weiss	500	80	4.148967	4.946909427642822
Steinbeis Papier	DIN A4 (210 x 297 mm)	unknown	500	80	4.6386647000000005	4.743533611297607
Steinbeis Papier	DIN A3 (297 x 420 mm)	weiss	500	80	10.15104	9.873577117919922
Clairefontaine	DIN A4 (210 x 297 mm)	gruen	500	80	4.793749299999999	6.810312747955322
Portucel Soporcel	DIN A4 (210 x 297 mm)	unknown	500	80	4.763626599999999	7.282309055328369
HP	unknown	weiss	125	280	19.966253	19.37948226928711
Brunnen Baier & Schneider	DIN A4 (210 x 297 mm)	hellgruen	35	120	2.2116667999999997	2.6687028408050537
Steinbeis Papier	DIN A4 (210 x 297 mm)	pastellgruen	500	80	5.1283335999999995	6.004605770111084
HP	unknown	weiss	unknown	90	40.55	46.489830017089844
Freytag & Petersen	DIN A4 (210 x 297 mm)	weiss	5000	80	37.097477000000005	23.66449546813965
Mondi	DIN A4 (210 x 297 mm)	vanille	250	120	5.4237943	4.801429271697998
Image	DIN A3 (297 x 420 mm)	weiss	125	300	19.359582999999997	17.299808502197266
Unbekannt	DIN A4 (210 x 297 mm)	weiss	500	90	31.632507	7.47765588760376
Inapa	DIN A4 (210 x 297 mm)	weiss	500	80	5.2850790000000005	3.3012516498565674
Mondi	DIN A5 (148 x 210 mm)	wasserblau	1000	80	7.099355999999999	6.733736991882324
Rainbow	unknown	unknown	unknown	unknown	4.5530767	3.869598150253296
Clairefontaine	DIN A3 (297 x 420 mm)	beige	250	160	9.438333	11.467321395874023
TOP-Preis	DIN A4 (210 x 297 mm)	orange	250	120	7.163291	9.972429275512695
Xerox	DIN A4 (210 x 297 mm)	weiss	2500	80	17.287024	17.54674530029297
Papyrus	DIN A4 (210 x 297 mm)	weiss	250	160	7.667147	11.533252716064453
Corona	DIN A4 (210 x 297 mm)	weiss	500	80	3.6656413	8.814343452453613
Mondi	DIN A4 (210 x 297 mm)	weiss	250	160	10.960834	10.185446739196777
5 Star	DIN A4 (210 x 297 mm)	weiss	500	80	2.3366666	11.688387870788574
Staples	DIN A4 (210 x 297 mm)	weiss	250	160	6.9189476999999995	7.345150947570801
Papier Union	unknown	dunkelgruen	100	120	9.908248	32.5380744934082
Image	DIN SRA3 (320 x 450 mm)	weiss	250	120	16.892916	16.02069854736328
Mondi	DIN A3 (297 x 420 mm)	unknown	500	90	16.541377999999998	18.076011657714844
Xerox	DIN A3 (297 x 420 mm)	weiss	250	250	29.652502000000002	31.258546829223633
Papier Union	unknown	dunkelgruen	100	120	5.1362505	32.5380744934082
Schaefer Group	unknown	weiss	500	80	5.1225404999999995	16.122453689575195
Avery Zweckform	DIN A4 (210 x 297 mm)	weiss	150	90	10.665315	7.740077972412109
Xerox	DIN A4 (210 x 297 mm)	weiss	250	250	18.309584	14.834946632385254
Papier Union	unknown	unknown	100	120	21.1335	20.393016815185547
Xerox	DIN SRA3 (320 x 450 mm)	weiss	500	115	23.75625	27.461660385131836
Pioneer Electronics	DIN A4 (210 x 297 mm)	weiss	250	160	8.04498	7.3264055252075195
Igepa	DIN A4 (210 x 297 mm)	orange	unknown	80	5.3085217	2.521946907043457
Multicopy	unknown	unknown	unknown	unknown	14.814468	9.30070972442627
Clairefontaine	DIN A3 (297 x 420 mm)	elfenbein	125	210	9.589224	12.356026649475098
Clairefontaine	DIN A3 (297 x 420 mm)	weiss	250	160	12.629763	16.160947799682617
Papyrus	DIN A4 (210 x 297 mm)	weiss	500	80	13.750576	7.372062683105469
Papier Union	unknown	elfenbein	100	90	20.123	2.9114973545074463
Staples	DIN A4 (210 x 297 mm)	weiss	500	100	5.835946599999999	138.81712341308594
Xerox	DIN A4 (210 x 297 mm)	weiss	500	80	2.6213889999999997	9.077500343322754
HP	unknown	unknown	unknown	unknown	97.57429	75.08660125732422
Image	DIN SRA3 (320 x 450 mm)	weiss	500	90	25.274584	18.474895477294922
Staples	DIN A4 (210 x 297 mm)	blau	250	160	6.204557	5.560725212097168
Clairefontaine	DIN A3 (297 x 420 mm)	kanariengelb	500	80	14.518747	14.684562683105469
Papyrus	DIN A4 (210 x 297 mm)	weiss	500	80	4.7595835	7.372062683105469
Schaefer Group	DIN A4 (210 x 297 mm)	weiss	2500	100	39.541615	327.6704406738281
Papyrus	DIN A4 (210 x 297 mm)	grau	250	120	5.8000393	9.284233093261719
Clairefontaine	DIN A4 (210 x 297 mm)	gruen	250	160	5.90375	8.512396812438965
Clairefontaine	unknown	gruen	1000	160	21.182426	29.974403381347656
Lyreco	DIN A4 (210 x 297 mm)	unknown	500	80	7.771668400000001	6.323648929595947
TOP-Preis	DIN A4 (210 x 297 mm)	gold	500	80	8.106392999999999	8.752772331237793
Papyrus	DIN A3 (297 x 420 mm)	ultraweiss	500	80	9.352869	9.309603691101074
Papier Union	unknown	elfenbein	100	240	6.0689993	28.430255889892578
Arjowiggins	unknown	zitronengelb	100	240	24.36075	12.064143180847168
Papyrus	DIN A4 (210 x 297 mm)	gruen	250	160	7.894258	17.231884002685547
Papier Union	unknown	elfenbein	100	240	48.848564	28.430255889892578
Steinbeis Papier	DIN A4 (210 x 297 mm)	pastellblau	500	80	5.1791673	5.371962547302246
Mondi	DIN A3 (297 x 420 mm)	weiss	500	100	14.681329999999999	21.030010223388672
Lyreco	DIN A4 (210 x 297 mm)	gruen	500	80	7.2330766	7.636571407318115
Data Copy	DIN A4 (210 x 297 mm)	unknown	2500	80	24.533758	13.3054780960083
Staples	DIN A4 (210 x 297 mm)	elfenbein	250	160	5.5514636	5.364950180053711
Avery Zweckform	DIN A4 (210 x 297 mm)	weiss	500	100	12.826789	8.28166675567627
Papyrus	DIN A4 (210 x 297 mm)	naturweiss	2500	unknown	36.49305	10.416720390319824
Stora Enso	DIN A3 (297 x 420 mm)	weiss	500	80	8.326668	10.806593894958496
Lyreco	DIN A4 (210 x 297 mm)	gruen	250	160	6.869167	7.976118087768555
Carl Berberich	DIN A4 (210 x 297 mm)	zitronengelb	500	80	12.449999	28.740917205810547
Metsae	DIN A4 (210 x 297 mm)	weiss	500	90	23.093245	8.612648010253906
Papier Union	unknown	elfenbein	100	170	4.32475	35.688602447509766
Schaefer Group	DIN A4 (210 x 297 mm)	weiss	500	80	25.899998	60.31620407104492
Corona	DIN A4 (210 x 297 mm)	unknown	500	80	7.678257	6.235773086547852
Igepa	DIN A3 (297 x 420 mm)	lavendel	500	80	12.713861	41.28407669067383
Clairefontaine	DIN A4 (210 x 297 mm)	leuchtgruen	500	80	7.659585000000001	6.386628150939941
Mondi	unknown	weiss	125	300	5.881428700000001	12.398503303527832
Clairefontaine	DIN A3 (297 x 420 mm)	hellgruen	500	80	17.22	10.974742889404297
Clairefontaine	DIN A3 (297 x 420 mm)	gruen	500	80	14.346362	10.893333435058594
Lyreco	DIN A4 (210 x 297 mm)	dunkelblau	500	80	6.470000700000001	6.466872692108154
HP	DIN A4 (210 x 297 mm)	unknown	500	80	4.6619997	16.313194274902344
Steinbeis Papier	unknown	gruen	500	80	241.29326	11.064037322998047
Schaefer Group	DIN A4 (210 x 297 mm)	unknown	10000	80	77.95168000000001	396.99810791015625
Clairefontaine	DIN A3 (297 x 420 mm)	beige	500	80	8.904583	7.83125638961792
Clairefontaine	DIN A3 (297 x 420 mm)	unknown	500	80	13.2290745	8.257000923156738
HP	unknown	weiss	unknown	125	105.8331	87.49555206298828
Xerox	DIN A4 (210 x 297 mm)	weiss	500	80	5.851666000000001	9.077500343322754
Inapa	DIN A4 (210 x 297 mm)	weiss	250	160	7.8692145	5.1224894523620605
Arjowiggins	unknown	perlgrau	100	170	16.183249	7.718023300170898
RecyStar®	DIN A4 (210 x 297 mm)	blau	500	80	5.3245059999999995	7.387031555175781
Clairefontaine	DIN A4 (210 x 297 mm)	rosa	500	80	14.805081	9.948391914367676
Staples	DIN A4 (210 x 297 mm)	korallenrot	250	120	16.174412	3.7998456954956055
Clairefontaine	unknown	neonorange	2500	80	71.252815	27.51519775390625
Arjowiggins	unknown	unknown	100	90	9.593501	10.446187973022461
Clairefontaine	unknown	weiss	125	280	15.905251999999999	11.487899780273438
Clairefontaine	DIN A4 (210 x 297 mm)	pfirsich	2500	80	22.064870000000003	20.380908966064453
Steinbeis Papier	DIN A4 (210 x 297 mm)	unknown	500	80	4.531667	4.743533611297607
HP	DIN A4 (210 x 297 mm)	weiss	500	90	10.504241	7.619007587432861
Canon	DIN A4 (210 x 297 mm)	unknown	20	106	6.0740333	3.1701977252960205
Mondi	DIN A3 (297 x 420 mm)	weiss	250	250	24.851212	24.894731521606445
Lyreco	DIN A4 (210 x 297 mm)	gruen	500	80	5.185716	7.636571407318115
Clairefontaine	DIN A3 (297 x 420 mm)	blau	250	160	13.536038000000001	16.902179718017578
HP	DIN A3 (297 x 420 mm)	weiss	20	300	49.876205	33.466590881347656
Mondi	DIN A3 (297 x 420 mm)	weiss	250	200	22.444996	21.804594039916992
Lyreco	DIN A4 (210 x 297 mm)	orange	250	160	8.246667	6.372175693511963
Mondi	DIN A3 (297 x 420 mm)	weiss	500	120	20.054192	23.985383987426758
Igepa	DIN A4 (210 x 297 mm)	hellgrau	250	90	11.043434	7.025953769683838
Sigel	DIN A4 (210 x 297 mm)	unknown	50	260	48.565746000000004	27.58391761779785
Igepa	DIN A2 (420 x 594 mm)	kanariengelb	500	80	57.59105699999999	44.09660339355469
Igepa	DIN A4 (210 x 297 mm)	weiss	125	250	9.153786	8.89384651184082
Portucel Soporcel	DIN A4 (210 x 297 mm)	gruen	500	80	7.210833	7.945023536682129
Clairefontaine	unknown	weiss	500	100	17.761497	13.8336820602417
Staples	DIN A4 (210 x 297 mm)	gelb	250	160	6.188046	5.610053062438965
Avery Zweckform	DIN A4 (210 x 297 mm)	weiss	500	80	9.582398	3.75698184967041
Staples	DIN A4 (210 x 297 mm)	rosa	250	120	4.3089786	4.755435943603516
Xerox	DIN SRA3 (320 x 450 mm)	weiss	500	115	25.25208	27.461660385131836
Igepa	DIN A4 (210 x 297 mm)	gruen	500	80	15.222192999999999	5.691627502441406
Brunnen Baier & Schneider	unknown	unknown	unknown	unknown	3.36	3.453138828277588
Inapa	unknown	unknown	unknown	unknown	5.162025	35.86001205444336
Carl Berberich	DIN A4 (210 x 297 mm)	gruen	250	160	12.449999	10.330469131469727
Staples	DIN A4 (210 x 297 mm)	blau	250	160	5.421417	5.560725212097168
Brunnen Baier & Schneider	DIN A4 (210 x 297 mm)	hellgelb	50	80	2.1083336	2.168026924133301
Papyrus	DIN A4 (210 x 297 mm)	rosa	500	80	6.673377	12.949965476989746
Unbekannt	DIN A4 (210 x 297 mm)	weiss	500	75	2.6899998	4.349697113037109
Lyreco	DIN A4 (210 x 297 mm)	elfenbein	500	80	5.7138480000000005	7.1879987716674805
Brunnen Baier & Schneider	unknown	unknown	unknown	unknown	3.36	3.453138828277588
HP	DIN A4 (210 x 297 mm)	unknown	500	80	3.9600003	16.313194274902344
Portucel Soporcel	DIN A4 (210 x 297 mm)	weiss	250	80	2.9554784	3.8000056743621826
Clairefontaine	unknown	gruen	250	120	6.523534	7.963913917541504
Clairefontaine	DIN A4 (210 x 297 mm)	unknown	500	80	5.2797427	5.544383525848389
Mondi	DIN A3 (297 x 420 mm)	weiss	500	90	17.672	15.929388046264648
Inapa	DIN A3 (297 x 420 mm)	weiss	2500	80	23.572893	14.770790100097656
Papyrus	DIN A4 (210 x 297 mm)	lachs	500	80	12.933387	7.396522045135498
Unbekannt	DIN A3 (297 x 420 mm)	orange	500	80	17.807175	13.152434349060059
Mondi	DIN A4 (210 x 297 mm)	wasserblau	250	160	7.0431046	7.428657054901123
Papyrus	DIN A3 (297 x 420 mm)	weiss	500	80	7.640009	10.576297760009766
Clairefontaine	DIN A4 (210 x 297 mm)	grau	250	160	5.26375	7.865314483642578
Lyreco	DIN A3 (297 x 420 mm)	weiss	500	80	6.174999	7.11012601852417
Clairefontaine	DIN A3 (297 x 420 mm)	weiss	250	160	13.467398000000001	16.160947799682617
Clairefontaine	DIN A4 (210 x 297 mm)	goldgelb	500	80	5.3662505	6.565009593963623
Clairefontaine	DIN A3 (297 x 420 mm)	weiss	500	100	11.197447	21.95139503479004
Double A	DIN A3 (297 x 420 mm)	weiss	500	70	5.3616843	11.251235961914062
Clairefontaine	DIN A3 (297 x 420 mm)	himmelblau	500	80	9.250001	14.914224624633789
Unbekannt	DIN A4 (210 x 297 mm)	gelb	250	160	9.719028	9.94713306427002
Mondi	DIN A4 (210 x 297 mm)	vanille	500	80	6.486799700000001	8.147212982177734
Xerox	DIN A3 (297 x 420 mm)	weiss	250	280	24.960832999999997	14.160557746887207
Yes	DIN A3 (297 x 420 mm)	weiss	500	80	20.964167	9.163092613220215
Staples	DIN A4 (210 x 297 mm)	chamois	500	80	4.749891000000001	89.81997680664062
SAVE!	DIN A4 (210 x 297 mm)	weiss	100000	65	2.3480957	469.8970031738281
Mondi	DIN A3 (297 x 420 mm)	weiss	500	120	17.9525	23.985383987426758
Clairefontaine	DIN A4 (210 x 297 mm)	gelb	50	unknown	5.1422024	3.5731449127197266
Clairefontaine	DIN A4 (210 x 297 mm)	weiss	125	350	6.3300834	8.678572654724121
Xerox	DIN A4 (210 x 297 mm)	weiss	500	80	3.884011	9.077500343322754
IBA Hartmann	DIN A5 (148 x 210 mm)	kanariengelb	500	80	6.1200004	6.062337398529053
Mondi	DIN A4 (210 x 297 mm)	rot	500	160	7.408703	8.158812522888184
Rainbow	DIN A3 (297 x 420 mm)	rot	250	160	19.67042	12.748355865478516
Mondi	DIN A3 (297 x 420 mm)	weiss	500	80	8.845239	10.035004615783691
Océ	DIN A4 (210 x 297 mm)	gelb	500	80	3.1611109	5.508126735687256
Clairefontaine	DIN A4 (210 x 297 mm)	rot	50	120	5.131889299999999	5.456660747528076
Xerox	DIN A3 (297 x 420 mm)	weiss	125	250	15.065833	16.908519744873047
Data Copy	DIN A3 (297 x 420 mm)	weiss	500	100	14.100949	13.926466941833496
Papier Union	unknown	beige	100	90	20.134498999999998	3.0495986938476562
Unbekannt	DIN A4 (210 x 297 mm)	creme	250	120	6.5112309999999995	11.008180618286133
Double A	DIN A4 (210 x 297 mm)	weiss	100000	75	520.307	235.04051208496094
Sky	DIN A4 (210 x 297 mm)	weiss	500	80	4.1222363	27.261362075805664
Unbekannt	unknown	weiss	500	80	2.3366666	6.001128196716309
Igepa	unknown	unknown	500	80	3.2181792000000002	27.31889533996582
Steinbeis Papier	DIN A3 (297 x 420 mm)	weiss	500	80	6.3165746	9.873577117919922
Clairefontaine	DIN A4 (210 x 297 mm)	gruen	500	100	8.094613	8.936946868896484
HP	DIN A4 (210 x 297 mm)	weiss	50	180	16.885044	21.26302719116211
Arjowiggins	unknown	rotorange	100	240	12.902247000000001	28.806638717651367
Papyrus	DIN A4 (210 x 297 mm)	neongruen	100	80	3.3215550000000005	6.439836502075195
CreativPapier	DIN A4 (210 x 297 mm)	naturweiss	250	90	14.765835999999998	22.163963317871094
Xerox	DIN A4 (210 x 297 mm)	weiss	2500	75	19.187914000000003	9.20865249633789
Clairefontaine	DIN A3 (297 x 420 mm)	gruen	250	160	13.694166000000001	21.763893127441406
Papier Union	unknown	unknown	100	320	34.022648	40.86513900756836
Brunnen Baier & Schneider	DIN A4 (210 x 297 mm)	grau	35	120	3.6258334999999997	3.5769169330596924
Clairefontaine	unknown	blau	250	160	43.41362	18.092147827148438
Brunnen Baier & Schneider	DIN A4 (210 x 297 mm)	gelb	25	160	2.2133334	2.211214065551758
Mondi	DIN A4 (210 x 297 mm)	weiss	500	120	9.792057000000002	9.421005249023438
Unbekannt	DIN A3 (297 x 420 mm)	rosa	500	80	15.006756	21.777667999267578
Papyrus	DIN A4 (210 x 297 mm)	weiss	500	80	7.045227499999999	7.372062683105469
Mondi	DIN A3 (297 x 420 mm)	weiss	250	160	13.462543	16.48631477355957
HP	DIN A3 (297 x 420 mm)	weiss	125	250	10.667487	16.434471130371094
Clairefontaine	DIN A3 (297 x 420 mm)	weiss	125	250	10.748752	12.467608451843262
Schaefer Group	DIN A3 (297 x 420 mm)	weiss	500	unknown	8.624379	7.230194091796875
Corona	DIN A4 (210 x 297 mm)	weiss	500	75	3.6669078	2.6503562927246094
Clairefontaine	DIN A3 (297 x 420 mm)	weiss	250	170	13.514166000000001	15.393930435180664
Clairefontaine	DIN A4 (210 x 297 mm)	orange	500	80	17.50594	6.649278163909912
Staples	DIN A4 (210 x 297 mm)	elfenbein	500	80	4.9104877	63.9276123046875
Portucel Soporcel	unknown	weiss	500	100	6.2444906	9.938525199890137
Papyrus	DIN A4 (210 x 297 mm)	unknown	500	80	3.7714199999999996	10.69826889038086
Clairefontaine	unknown	orange	250	160	16.816264999999998	13.727187156677246
Unbekannt	DIN A3 (297 x 420 mm)	unknown	250	120	14.902304	11.142481803894043
Data Copy	DIN A3 (297 x 420 mm)	weiss	500	90	9.590537	12.812039375305176
Soennecken	DIN A4 (210 x 297 mm)	mittelorange	500	80	5.7879596	6.156454563140869
Papyrus	DIN A4 (210 x 297 mm)	orange	250	120	5.491667	7.399590015411377
Corona	DIN A4 (210 x 297 mm)	unknown	500	80	7.670866499999999	6.235773086547852
Clairefontaine	DIN A4 (210 x 297 mm)	weiss	250	250	12.23125	6.400208950042725
Papier Union	unknown	perlgrau	100	90	2.4199996	10.768464088439941
Papier Union	unknown	perlgrau	100	90	20.1395	10.768464088439941
